{"cameraMode":{"drawMode":0,"name":"Shaded","section":"Shading Mode"},"sceneLighting":true,"audioPlay":false,"sceneViewState":{"m_AlwaysRefresh":false,"showFog":true,"showSkybox":true,"showFlares":true,"showImageEffects":true,"showParticleSystems":true,"showVisualEffectGraphs":true,"m_FxEnabled":true},"in2DMode":false,"pivot":{"x":-3.6674766540527345,"y":-1.8561944961547852,"z":-12.772258758544922},"rotation":{"x":-0.01743084192276001,"y":-0.9702717065811157,"z":0.23005785048007966,"w":-0.07346967607736588},"size":14.601158142089844,"orthographic":false}